id,customer_name,order_ref,amount,status,created_at
6,James Taylor,ORD-0006,77.86,pending,2026-02-03 15:33:55.572983+00:00
21,Frank Lee,ORD-0021,310.48,pending,2026-03-03 15:33:55.573010+00:00
3,David Brown,ORD-0003,279.64,pending,2026-03-11 15:33:55.572976+00:00
2,Grace Kim,ORD-0002,57.71,pending,2026-04-02 15:33:55.572974+00:00
8,Iris Wilson,ORD-0008,483.28,pending,2026-04-06 15:33:55.572989+00:00
7,Alice Johnson,ORD-0007,340.72,pending,2026-04-19 15:33:55.572984+00:00
1,Bob Smith,ORD-0001,126.82,pending,2026-04-23 15:33:55.572961+00:00
4,Grace Kim,ORD-0004,432.41,pending,2026-04-30 15:33:55.572978+00:00
5,Iris Wilson,ORD-0005,434.62,pending,2026-04-30 15:33:55.572981+00:00
